조합코드,유형,출근,퇴근,실근로,휴가,충족,구분,휴가블록
근무 0730-1630,근무,07:30,16:30,8,0,1,근무,
근무 0800-1700,근무,08:00,17:00,8,0,1,근무,
근무 0830-1730,근무,08:30,17:30,8,0,1,근무,
연차,연차,,,0,8,0,휴가·사외,
출장,출장,,,8,0,0,휴가·사외,
교육,교육,,,8,0,0,휴가·사외,
기타,기타,,,8,0,0,휴가·사외,
오후반 0730-1200,오후반,07:30,12:00,4.5,4,0,반차,12:00~17:00
오후반 0730-1300,오후반,07:30,13:00,4.5,4,0,반차,13:00~17:00
오후반 0800-1200,오후반,08:00,12:00,4,4,0,반차,12:00~17:00
오후반 0800-1300,오후반,08:00,13:00,4,4,0,반차,13:00~17:00
오후반 0800-1330,오후반,08:00,13:30,4.5,4,0,반차,13:30~17:30
오후반 0830-1200,오후반,08:30,12:00,3.5,4,0,반차,12:00~17:00
오후반 0830-1300,오후반,08:30,13:00,3.5,4,0,반차,13:00~17:00
오후반 0830-1330,오후반,08:30,13:30,4,4,0,반차,13:30~17:30
오후반 0830-1400,오후반,08:30,14:00,4.5,4,0,반차,14:00~18:00
오전반 1300-1600,오전반,13:00,16:00,3,4,0,반차,08:00~13:00
오전반 1300-1630,오전반,13:00,16:30,3.5,4,0,반차,08:00~13:00
오전반 1300-1700,오전반,13:00,17:00,4,4,0,반차,08:00~13:00
오전반 1300-1730,오전반,13:00,17:30,4.5,4,0,반차,08:00~13:00
오전반 1330-1630,오전반,13:30,16:30,3,4,0,반차,08:30~13:30
오전반 1330-1700,오전반,13:30,17:00,3.5,4,0,반차,08:30~13:30
오전반 1330-1730,오전반,13:30,17:30,4,4,0,반차,08:30~13:30
오전반 1330-1800,오전반,13:30,18:00,4.5,4,0,반차,08:30~13:30
오전반 1330-1830,오전반,13:30,18:30,4.5,4,0,반차,08:30~13:30
오후반반 0800-1530,오후반반,08:00,15:30,6.5,2,0,반반차,15:30~17:30
오후반반 0830-1530,오후반반,08:30,15:30,6,2,0,반반차,15:30~17:30
오전반반 1030-1430,오전반반,10:30,14:30,3,2,0,반반차,08:30~10:30
오전반반 1030-1500,오전반반,10:30,15:00,3.5,2,0,반반차,08:30~10:30
오전반반 1030-1530,오전반반,10:30,15:30,4,2,0,반반차,08:30~10:30
오전반반 1030-1600,오전반반,10:30,16:00,4.5,2,0,반반차,08:30~10:30
오전반반 1030-1630,오전반반,10:30,16:30,5,2,0,반반차,08:30~10:30
오전반반 1030-1700,오전반반,10:30,17:00,5.5,2,0,반반차,08:30~10:30
오전반반 1030-1730,오전반반,10:30,17:30,6,2,0,반반차,08:30~10:30
오전반반 1030-1800,오전반반,10:30,18:00,6.5,2,0,반반차,08:30~10:30
오전반반 1030-1830,오전반반,10:30,18:30,6.5,2,0,반반차,08:30~10:30
검진 0730-1200,검진,07:30,12:00,4.5,4,0,건강검진,12:00~17:00
검진 0730-1300,검진,07:30,13:00,4.5,4,0,건강검진,13:00~17:00
검진 0800-1200,검진,08:00,12:00,4,4,0,건강검진,12:00~17:00
검진 0800-1300,검진,08:00,13:00,4,4,0,건강검진,13:00~17:00
검진 0800-1330,검진,08:00,13:30,4.5,4,0,건강검진,13:30~17:30
검진 0830-1200,검진,08:30,12:00,3.5,4,0,건강검진,12:00~17:00
검진 0830-1300,검진,08:30,13:00,3.5,4,0,건강검진,13:00~17:00
검진 0830-1330,검진,08:30,13:30,4,4,0,건강검진,13:30~17:30
검진 0830-1400,검진,08:30,14:00,4.5,4,0,건강검진,14:00~18:00
검진 1300-1600,검진,13:00,16:00,3,4,0,건강검진,08:00~13:00
검진 1300-1630,검진,13:00,16:30,3.5,4,0,건강검진,08:00~13:00
검진 1300-1700,검진,13:00,17:00,4,4,0,건강검진,08:00~13:00
검진 1300-1730,검진,13:00,17:30,4.5,4,0,건강검진,08:00~13:00
검진 1330-1630,검진,13:30,16:30,3,4,0,건강검진,08:30~13:30
검진 1330-1700,검진,13:30,17:00,3.5,4,0,건강검진,08:30~13:30
검진 1330-1730,검진,13:30,17:30,4,4,0,건강검진,08:30~13:30
검진 1330-1800,검진,13:30,18:00,4.5,4,0,건강검진,08:30~13:30
검진 1330-1830,검진,13:30,18:30,4.5,4,0,건강검진,08:30~13:30
근무 0730-1130,근무,07:30,11:30,4,0,0,근무,
근무 0730-1200,근무,07:30,12:00,4.5,0,0,근무,
근무 0730-1300,근무,07:30,13:00,4.5,0,0,근무,
근무 0730-1330,근무,07:30,13:30,5,0,0,근무,
근무 0730-1400,근무,07:30,14:00,5.5,0,0,근무,
근무 0730-1430,근무,07:30,14:30,6,0,0,근무,
근무 0730-1500,근무,07:30,15:00,6.5,0,0,근무,
근무 0730-1530,근무,07:30,15:30,7,0,0,근무,
근무 0730-1600,근무,07:30,16:00,7.5,0,0,근무,
근무 0730-1700,근무,07:30,17:00,8.5,0,1,근무,
근무 0730-1730,근무,07:30,17:30,9,0,1,근무,
근무 0730-1800,근무,07:30,18:00,9.5,0,1,근무,
근무 0730-1830,근무,07:30,18:30,9.5,0,1,근무,
근무 0730-1900,근무,07:30,19:00,10,0,1,근무,
근무 0730-1930,근무,07:30,19:30,10.5,0,1,근무,
근무 0730-2000,근무,07:30,20:00,11,0,1,근무,
근무 0730-2030,근무,07:30,20:30,11.5,0,1,근무,
근무 0800-1130,근무,08:00,11:30,3.5,0,0,근무,
근무 0800-1200,근무,08:00,12:00,4,0,0,근무,
근무 0800-1300,근무,08:00,13:00,4,0,0,근무,
근무 0800-1330,근무,08:00,13:30,4.5,0,0,근무,
근무 0800-1400,근무,08:00,14:00,5,0,0,근무,
근무 0800-1430,근무,08:00,14:30,5.5,0,0,근무,
근무 0800-1500,근무,08:00,15:00,6,0,0,근무,
근무 0800-1530,근무,08:00,15:30,6.5,0,0,근무,
근무 0800-1600,근무,08:00,16:00,7,0,0,근무,
근무 0800-1630,근무,08:00,16:30,7.5,0,0,근무,
근무 0800-1730,근무,08:00,17:30,8.5,0,1,근무,
근무 0800-1800,근무,08:00,18:00,9,0,1,근무,
근무 0800-1830,근무,08:00,18:30,9,0,1,근무,
근무 0800-1900,근무,08:00,19:00,9.5,0,1,근무,
근무 0800-1930,근무,08:00,19:30,10,0,1,근무,
근무 0800-2000,근무,08:00,20:00,10.5,0,1,근무,
근무 0800-2030,근무,08:00,20:30,11,0,1,근무,
근무 0830-1130,근무,08:30,11:30,3,0,0,근무,
근무 0830-1200,근무,08:30,12:00,3.5,0,0,근무,
근무 0830-1300,근무,08:30,13:00,3.5,0,0,근무,
근무 0830-1330,근무,08:30,13:30,4,0,0,근무,
근무 0830-1400,근무,08:30,14:00,4.5,0,0,근무,
근무 0830-1430,근무,08:30,14:30,5,0,0,근무,
근무 0830-1500,근무,08:30,15:00,5.5,0,0,근무,
근무 0830-1530,근무,08:30,15:30,6,0,0,근무,
근무 0830-1600,근무,08:30,16:00,6.5,0,0,근무,
근무 0830-1630,근무,08:30,16:30,7,0,0,근무,
근무 0830-1700,근무,08:30,17:00,7.5,0,0,근무,
근무 0830-1800,근무,08:30,18:00,8.5,0,1,근무,
근무 0830-1830,근무,08:30,18:30,8.5,0,1,근무,
근무 0830-1900,근무,08:30,19:00,9,0,1,근무,
근무 0830-1930,근무,08:30,19:30,9.5,0,1,근무,
근무 0830-2000,근무,08:30,20:00,10,0,1,근무,
근무 0830-2030,근무,08:30,20:30,10.5,0,1,근무,
휴직,휴직,,,0,0,0,휴가·사외,
